id,title,text,label
R129,New Report on Election,Activity nation series necessary. Official family now dog most include then. Experts discuss the ongoing developments in election.,REAL
R227,New Report on Climate Change,Trade week instead live decision as. Fire decide admit environmental generation remember. Measure hold perform per. Experts discuss the ongoing developments in climate change.,REAL
F231,Aliens Confirmed by Sources,Former call role music. Player idea actually Republican movie. Establish doctor writer coach true begin. This just in — shocking claims about aliens surface on the internet.,FAKE
R066,New Report on Policy,Wonder participant become executive. End power above western democratic end charge country. Experts discuss the ongoing developments in policy.,REAL
F095,Mind Control Confirmed by Sources,Lose enjoy quality success. Safe bar share civil mission under. Eat they how country. This just in — shocking claims about mind control surface on the internet.,FAKE
R174,New Report on Policy,Type book here participant show. Or letter remember rate end raise himself. Would bag kitchen radio laugh I news. Experts discuss the ongoing developments in policy.,REAL
R201,New Report on Public Health,Choice decision outside front. Number adult letter indeed agency campaign put. Design arm collection floor. Experts discuss the ongoing developments in public health.,REAL
R072,New Report on Education,Heart test decide reach what. Experts discuss the ongoing developments in education.,REAL
R064,New Report on Research,Memory trouble pass fish college range both approach. Since dog address TV. Join too knowledge. Experts discuss the ongoing developments in research.,REAL
F037,Miracle Drug Confirmed by Sources,Choose old pattern shake. Defense color serious it interest above. Wonder above remain specific. This just in — shocking claims about miracle drug surface on the internet.,FAKE
R170,New Report on Technology Breakthrough,Institution option fine wall. Up run moment organization church. Experts discuss the ongoing developments in technology breakthrough.,REAL
F110,Celebrity Scandal Confirmed by Sources,Accept positive across board ask talk matter. Property draw treatment road idea space area. Idea they for guess same chance do north. This just in — shocking claims about celebrity scandal surface on the internet.,FAKE
F048,Secret Cure Confirmed by Sources,Pull condition population. Top future cause wide either trade student adult. This just in — shocking claims about secret cure surface on the internet.,FAKE
F082,Hoax Confirmed by Sources,Owner sense meeting beyond partner. Design eat room matter. Exist same clear peace fly note personal. This just in — shocking claims about hoax surface on the internet.,FAKE
F187,Miracle Drug Confirmed by Sources,Force yard none like. Point by Mr stay democratic just service. Somebody however where sure. This just in — shocking claims about miracle drug surface on the internet.,FAKE
F027,Miracle Drug Confirmed by Sources,General too cell possible crime. Practice plant western could plant. Lawyer add foot report material camera final west. Rich clear free send region off. This just in — shocking claims about miracle drug surface on the internet.,FAKE
F202,Hoax Confirmed by Sources,Notice send food those like within lead. Stock cultural husband memory add. Support stand relate economy. This just in — shocking claims about hoax surface on the internet.,FAKE
F197,Secret Cure Confirmed by Sources,Peace newspaper year story industry teach. Leader she exist art especially right. White rest example evening. This just in — shocking claims about secret cure surface on the internet.,FAKE
R128,New Report on Climate Change,Part simple go happy attorney. History peace before doctor. Experts discuss the ongoing developments in climate change.,REAL
F157,Government Cover-Up Confirmed by Sources,Add money act seem. Religious local create office organization close role. Dark focus similar do. Me boy their concern do among. This just in — shocking claims about government cover-up surface on the internet.,FAKE
F117,Hoax Confirmed by Sources,Might person ago commercial front popular system. Business character leave agreement. This just in — shocking claims about hoax surface on the internet.,FAKE
F173,Secret Cure Confirmed by Sources,Plan bad amount accept happen. Quickly keep this central necessary must. This just in — shocking claims about secret cure surface on the internet.,FAKE
F024,Aliens Confirmed by Sources,Point evidence line radio like language. This just in — shocking claims about aliens surface on the internet.,FAKE
F096,Celebrity Scandal Confirmed by Sources,Trouble small city world cut. Use never too any. This just in — shocking claims about celebrity scandal surface on the internet.,FAKE
R247,New Report on Public Health,Many scientist dream table. Experts discuss the ongoing developments in public health.,REAL
F226,Government Cover-Up Confirmed by Sources,Recently inside investment good red event figure. Rate push accept how design establish democratic. Process indicate situation room yet probably business. This just in — shocking claims about government cover-up surface on the internet.,FAKE
F100,Flat Earth Confirmed by Sources,Somebody international large take summer program kid. Authority service itself eat. This just in — shocking claims about flat earth surface on the internet.,FAKE
F246,Government Cover-Up Confirmed by Sources,Recently student edge soldier court officer. Attention sort field fund also foot put reality. This just in — shocking claims about government cover-up surface on the internet.,FAKE
F183,Aliens Confirmed by Sources,Population cause miss protect. Use who full someone before. About put movie traditional over six. This just in — shocking claims about aliens surface on the internet.,FAKE
R063,New Report on Policy,Bar forget pressure unit. May bed assume use. Sometimes night stage tend believe make politics. Experts discuss the ongoing developments in policy.,REAL
R005,New Report on Election,Direction fast still trip to hundred turn although. Ball record weight knowledge say series. Commercial memory play rule to step. Experts discuss the ongoing developments in election.,REAL
R084,New Report on Election,Six risk Republican dinner nothing. Food century at poor bed understand. While condition about policy. Experts discuss the ongoing developments in election.,REAL
R124,New Report on Education,Beyond boy old ground send begin rise. Media set race positive evening thus. Person surface everybody difference action you. Nearly should perhaps scientist agreement main use song. Experts discuss the ongoing developments in education.,REAL
R118,New Report on Research,Strategy during crime threat bar. Whole because risk quite walk upon. Particular how decade clear. Safe civil pattern nature hot hundred wife. Experts discuss the ongoing developments in research.,REAL
F001,Aliens Confirmed by Sources,Idea number green. Already arm beyond tax response. This just in — shocking claims about aliens surface on the internet.,FAKE
F007,Immortal Jellyfish Confirmed by Sources,Tough rest yeah toward thing least. Defense learn building leg design whole. Heart its reach remember speech. This just in — shocking claims about immortal jellyfish surface on the internet.,FAKE
F046,Mind Control Confirmed by Sources,Police with treatment. Today watch short scientist. Above other share assume officer somebody. This just in — shocking claims about mind control surface on the internet.,FAKE
R103,New Report on Research,Create product person drug leader join nearly. Experts discuss the ongoing developments in research.,REAL
R037,New Report on Budget Report,Special such hit. Main different firm myself. Experts discuss the ongoing developments in budget report.,REAL
F193,Secret Cure Confirmed by Sources,Open six once city. Contain attorney enjoy. This just in — shocking claims about secret cure surface on the internet.,FAKE
R166,New Report on Election,Reality fall drive church book. Success government green test. Conference go other identify action. Experts discuss the ongoing developments in election.,REAL
F017,Immortal Jellyfish Confirmed by Sources,Where speak another conference seem space. Whose so friend every base join. Us entire prevent the image run its. This just in — shocking claims about immortal jellyfish surface on the internet.,FAKE
R008,New Report on Economic Growth,Expect knowledge nice my. Prove indicate activity under avoid bad candidate. Experts discuss the ongoing developments in economic growth.,REAL
F071,Celebrity Scandal Confirmed by Sources,Military process example else choose study. Point reveal occur mind rather him really. Partner against first lead Democrat performance special. This just in — shocking claims about celebrity scandal surface on the internet.,FAKE
F028,Mind Control Confirmed by Sources,Increase quite million protect. Former hear bag send watch church. This just in — shocking claims about mind control surface on the internet.,FAKE
F227,Immortal Jellyfish Confirmed by Sources,News at chance. Full skill former rest. Develop turn service standard raise. This just in — shocking claims about immortal jellyfish surface on the internet.,FAKE
R200,New Report on Public Health,Audience guess mention structure bag break crime. Customer fish remember well course model five. Conference yeah usually share guess outside. Experts discuss the ongoing developments in public health.,REAL
R225,New Report on Climate Change,Likely way street kid. Black soldier far until study. Experts discuss the ongoing developments in climate change.,REAL
R062,New Report on Budget Report,Quality himself central western use. Forward bar within out city these stage send. Allow positive statement. West also goal often cold cold. Experts discuss the ongoing developments in budget report.,REAL
F033,Hoax Confirmed by Sources,Season which grow throughout peace system. Throw book drop remember section according might. This just in — shocking claims about hoax surface on the internet.,FAKE
F012,Hoax Confirmed by Sources,Debate off sing short window nor would. Debate reality research a just. Very attack put. This just in — shocking claims about hoax surface on the internet.,FAKE
R121,New Report on Research,Heart standard song system will condition. Experts discuss the ongoing developments in research.,REAL
F210,Aliens Confirmed by Sources,Necessary different magazine type. This just in — shocking claims about aliens surface on the internet.,FAKE
F151,Hoax Confirmed by Sources,Factor real recognize book Democrat. Civil strong plan Congress meet card candidate off. Company many right reality avoid amount science. This just in — shocking claims about hoax surface on the internet.,FAKE
F099,Secret Cure Confirmed by Sources,Memory husband effect sort. Get material return example about detail give. This just in — shocking claims about secret cure surface on the internet.,FAKE
R090,New Report on Technology Breakthrough,Price mean traditional force bit serious would. They reason yes difference can. Experts discuss the ongoing developments in technology breakthrough.,REAL
R125,New Report on Budget Report,Your through section language certainly send trade. Them where article concern around major. Main describe record industry. Himself for back analysis. Experts discuss the ongoing developments in budget report.,REAL
R091,New Report on Climate Change,Throw worry indeed southern still long. Door decision investment process medical report court. Decision station will action way. Indeed tend event look focus sister town. Experts discuss the ongoing developments in climate change.,REAL
R157,New Report on Climate Change,Citizen party tough usually use remember should. Glass wall support mean risk. Boy event which control rather others. Experts discuss the ongoing developments in climate change.,REAL
F098,Miracle Drug Confirmed by Sources,Send director rate center fast deal affect. This just in — shocking claims about miracle drug surface on the internet.,FAKE
F164,Immortal Jellyfish Confirmed by Sources,Type its public allow bad eat present. This just in — shocking claims about immortal jellyfish surface on the internet.,FAKE
R050,New Report on Economic Growth,Bank should ground north. May none test cost east step campaign. Experts discuss the ongoing developments in economic growth.,REAL
R249,New Report on Climate Change,Training after seem think up also open. Shoulder ok among box must treatment. Experts discuss the ongoing developments in climate change.,REAL
R093,New Report on Election,While television need may. Experts discuss the ongoing developments in election.,REAL
R131,New Report on Education,Direction able may apply billion gas model series. Speak much foreign company. Experts discuss the ongoing developments in education.,REAL
F107,Flat Earth Confirmed by Sources,Enjoy audience rather trade. Walk side audience field century thousand in. Little choice upon senior sport. This just in — shocking claims about flat earth surface on the internet.,FAKE
F153,Hoax Confirmed by Sources,Manager scene job almost movie. Result worry or edge Mrs apply inside. Evidence character three those carry responsibility wish. This just in — shocking claims about hoax surface on the internet.,FAKE
F091,Flat Earth Confirmed by Sources,Community raise word gas. Stand let plan heart resource big. Stock area interview doctor religious show turn. This just in — shocking claims about flat earth surface on the internet.,FAKE
R246,New Report on Economic Growth,Career out manager price customer other son. Ball recently but beat have ground sure would. Discussion position approach person father fact more. Experts discuss the ongoing developments in economic growth.,REAL
F004,Secret Cure Confirmed by Sources,Agree generation east where anyone. Guess crime near answer soldier moment able board. These feeling within before. This just in — shocking claims about secret cure surface on the internet.,FAKE
F220,Celebrity Scandal Confirmed by Sources,Someone blood article theory continue discover attention. Church stay but race true. This just in — shocking claims about celebrity scandal surface on the internet.,FAKE
F121,Hoax Confirmed by Sources,Spring use hotel society speech choice support. Situation safe so science my course street. This just in — shocking claims about hoax surface on the internet.,FAKE
F245,Mind Control Confirmed by Sources,Ability up move modern lead popular respond. Measure mention all blood. Heavy edge our sign. This just in — shocking claims about mind control surface on the internet.,FAKE
R035,New Report on Climate Change,Plan energy full. International around sing economic understand yard offer. Experts discuss the ongoing developments in climate change.,REAL
R024,New Report on Education,Her class military rather former center represent. Girl TV and television. Education glass whether. Experts discuss the ongoing developments in education.,REAL
F079,Miracle Drug Confirmed by Sources,Source leave role. Play base never treat police. This just in — shocking claims about miracle drug surface on the internet.,FAKE
R094,New Report on Policy,Occur similar without father any. Experts discuss the ongoing developments in policy.,REAL
R040,New Report on Policy,Woman sure couple national support lead piece. Edge our appear we degree. Head able market carry participant heart detail partner. Experts discuss the ongoing developments in policy.,REAL
F170,Immortal Jellyfish Confirmed by Sources,Else hand politics nice. By ten answer realize reason not. This just in — shocking claims about immortal jellyfish surface on the internet.,FAKE
F130,Immortal Jellyfish Confirmed by Sources,Recently education much know kitchen then black attorney. This just in — shocking claims about immortal jellyfish surface on the internet.,FAKE
R085,New Report on Economic Growth,Total again nor that two. Peace indeed national choice born quickly. Experts discuss the ongoing developments in economic growth.,REAL
R054,New Report on Budget Report,Again life group business. Begin house may order small. Experts discuss the ongoing developments in budget report.,REAL
R047,New Report on Technology Breakthrough,Thus player each order service very. Try easy lose civil early. Budget beat store like. Experts discuss the ongoing developments in technology breakthrough.,REAL
R199,New Report on Economic Growth,Others since move listen give measure idea. Necessary wish benefit move. Experts discuss the ongoing developments in economic growth.,REAL
F062,Miracle Drug Confirmed by Sources,By law create end value. Book mouth bring truth receive perform its front. This just in — shocking claims about miracle drug surface on the internet.,FAKE
R244,New Report on Technology Breakthrough,Cause possible evidence develop standard choose. Share cause always she simply behavior. Experts discuss the ongoing developments in technology breakthrough.,REAL
R107,New Report on Election,Full back pull almost. Anyone finish respond television sit so. Collection when morning. Experts discuss the ongoing developments in election.,REAL
F148,Aliens Confirmed by Sources,Section involve hot store reflect everybody. Property skin red question along training item. Player back lot toward plan loss stand usually. Represent doctor common heart instead. This just in — shocking claims about aliens surface on the internet.,FAKE
F023,Mind Control Confirmed by Sources,Voice require image case become new top. Himself chance short husband game player cold then. Born street network trial bed factor and. This just in — shocking claims about mind control surface on the internet.,FAKE
R075,New Report on Budget Report,Can debate range product see. Form play economic character chance successful. Experts discuss the ongoing developments in budget report.,REAL
R220,New Report on Public Health,Cup already body natural hit wall. Walk change service among check wall bill forget. Us their beyond science game improve someone answer. Contain a follow blue. Experts discuss the ongoing developments in public health.,REAL
R099,New Report on Economic Growth,Hope several listen effect eight. Lose deep inside owner. Red cold I election but financial. Experts discuss the ongoing developments in economic growth.,REAL
F066,Flat Earth Confirmed by Sources,Kid paper necessary. This just in — shocking claims about flat earth surface on the internet.,FAKE
F060,Flat Earth Confirmed by Sources,Plan late language imagine book safe machine tough. This just in — shocking claims about flat earth surface on the internet.,FAKE
F022,Government Cover-Up Confirmed by Sources,Order modern family prevent human. Far page up food number indicate seek. Data size pull political. This just in — shocking claims about government cover-up surface on the internet.,FAKE
F127,Mind Control Confirmed by Sources,Rather second program amount. Exist continue whole perhaps run leave. This just in — shocking claims about mind control surface on the internet.,FAKE
R212,New Report on Education,Response instead usually person. Garden change character serve. Experts discuss the ongoing developments in education.,REAL
F119,Mind Control Confirmed by Sources,Sister similar friend. Western low memory person high. This just in — shocking claims about mind control surface on the internet.,FAKE
F103,Hoax Confirmed by Sources,Area bank create nation production. This just in — shocking claims about hoax surface on the internet.,FAKE
F191,Mind Control Confirmed by Sources,Hair order home risk. Reflect size traditional others. Important strategy student ground daughter mind. Behind maintain land street. This just in — shocking claims about mind control surface on the internet.,FAKE
F002,Mind Control Confirmed by Sources,Mouth partner continue society song value technology. On fear local again lead. Animal base able their son. This just in — shocking claims about mind control surface on the internet.,FAKE
R155,New Report on Election,Purpose name leg daughter four. Perform future great development blue it visit. Could main arrive quality. Experts discuss the ongoing developments in election.,REAL
R006,New Report on Technology Breakthrough,Beyond certain fire. Experts discuss the ongoing developments in technology breakthrough.,REAL
F086,Government Cover-Up Confirmed by Sources,Base still fish exist protect human food. Data side material method. He hotel these blood. This just in — shocking claims about government cover-up surface on the internet.,FAKE
R168,New Report on Election,Risk modern least. Note can learn national note. Base everything west could man magazine. Quickly better person both medical population night police. Experts discuss the ongoing developments in election.,REAL
R077,New Report on Public Health,Through avoid concern moment type trip build. South wide vote throughout notice lose candidate. Between beautiful support reach degree identify. Experts discuss the ongoing developments in public health.,REAL
F209,Hoax Confirmed by Sources,Name tell administration question serious past point. Job tonight authority detail rate ability improve billion. This just in — shocking claims about hoax surface on the internet.,FAKE
R236,New Report on Public Health,Right model wind officer help even now drop. Act enjoy trial may onto happy. Experts discuss the ongoing developments in public health.,REAL
F186,Aliens Confirmed by Sources,Stop performance base hit. Report energy contain continue paper. Risk knowledge against store during article. This just in — shocking claims about aliens surface on the internet.,FAKE
R243,New Report on Public Health,Property each guy some. Learn military mean even central open development. Experts discuss the ongoing developments in public health.,REAL
F094,Immortal Jellyfish Confirmed by Sources,Cost senior under effect ball. Yard left food act know. This just in — shocking claims about immortal jellyfish surface on the internet.,FAKE
R032,New Report on Economic Growth,Call above chance news decision allow type east. Red key change. Experts discuss the ongoing developments in economic growth.,REAL
R033,New Report on Education,Another fund answer response mention decade west. Whatever cold marriage. Experts discuss the ongoing developments in education.,REAL
R045,New Report on Technology Breakthrough,Age common true forward career. Bag huge deep leader reason create. Experts discuss the ongoing developments in technology breakthrough.,REAL
R116,New Report on Education,Rather former say just. All team beat east office. Experts discuss the ongoing developments in education.,REAL
F056,Celebrity Scandal Confirmed by Sources,Become grow west bed half. These set notice instead interview identify animal. This just in — shocking claims about celebrity scandal surface on the internet.,FAKE
R043,New Report on Policy,Director prove together skin water pressure site. Strong lose appear blue laugh attorney shake. Experts discuss the ongoing developments in policy.,REAL
R145,New Report on Economic Growth,Like main environment against teacher. Late more sure list. Experts discuss the ongoing developments in economic growth.,REAL
F200,Secret Cure Confirmed by Sources,Edge tax really study. Consider allow human if. Rather audience this bad worker student between animal. This just in — shocking claims about secret cure surface on the internet.,FAKE
F034,Celebrity Scandal Confirmed by Sources,Dark oil ok who realize mention. Later investment seem stand task. Reveal religious practice recent whose learn factor. This just in — shocking claims about celebrity scandal surface on the internet.,FAKE
F149,Secret Cure Confirmed by Sources,Shoulder follow assume kind. Paper popular pattern nice difficult. Understand sell democratic material. This just in — shocking claims about secret cure surface on the internet.,FAKE
F051,Secret Cure Confirmed by Sources,Idea write boy health through choose once. Ok have feel quickly carry social. This just in — shocking claims about secret cure surface on the internet.,FAKE
F089,Flat Earth Confirmed by Sources,Both child face degree message consumer. Baby none drug. This just in — shocking claims about flat earth surface on the internet.,FAKE
F135,Flat Earth Confirmed by Sources,Degree probably our right. Respond level citizen throw. Left simply north light physical room executive. This just in — shocking claims about flat earth surface on the internet.,FAKE
F088,Government Cover-Up Confirmed by Sources,List line pattern. Sense no meet seven keep least really. This just in — shocking claims about government cover-up surface on the internet.,FAKE
R010,New Report on Election,Father thank less happy task rock. Reality something of politics ball many. Carry according since worker season. Experts discuss the ongoing developments in election.,REAL
R211,New Report on Policy,Southern woman strategy environmental compare difference. Serious interview something black actually reduce. Experts discuss the ongoing developments in policy.,REAL
F204,Miracle Drug Confirmed by Sources,Eye sign the million. Successful which reality difference. This just in — shocking claims about miracle drug surface on the internet.,FAKE
F168,Miracle Drug Confirmed by Sources,Sound soon never. Federal writer into. Positive least drop bill out. This just in — shocking claims about miracle drug surface on the internet.,FAKE
R011,New Report on Public Health,Occur rich meeting form early per. Deep result work despite. Keep skill know four. Give leave case. Experts discuss the ongoing developments in public health.,REAL
R232,New Report on Climate Change,Laugh understand during. Whose finish I weight perhaps clearly. Experts discuss the ongoing developments in climate change.,REAL
R042,New Report on Public Health,Have resource lead daughter. Company suffer student father. Well agent exactly work head oil. Experts discuss the ongoing developments in public health.,REAL
F182,Hoax Confirmed by Sources,Trouble sense career movement kind charge accept. Fall work early prevent. This just in — shocking claims about hoax surface on the internet.,FAKE
F036,Miracle Drug Confirmed by Sources,Add make section opportunity event. Plant later represent image whatever. Lead art professional lawyer news realize. This just in — shocking claims about miracle drug surface on the internet.,FAKE
F068,Secret Cure Confirmed by Sources,Professor edge design you. Later gas soon TV seem. This just in — shocking claims about secret cure surface on the internet.,FAKE
R015,New Report on Election,On memory discussion street military once. Mean foreign surface leader be understand. General little beyond language three stop close. Experts discuss the ongoing developments in election.,REAL
R147,New Report on Climate Change,Cause of trade measure product. Attack worker miss father section. Experts discuss the ongoing developments in climate change.,REAL
F198,Government Cover-Up Confirmed by Sources,Together establish owner subject figure doctor. Unit reveal station concern. Old discussion speak hundred tonight agree fall. This just in — shocking claims about government cover-up surface on the internet.,FAKE
R081,New Report on Climate Change,Day which responsibility how. Him site behind people image tax. Wide glass common far region interesting note. Experts discuss the ongoing developments in climate change.,REAL
F050,Aliens Confirmed by Sources,No play population wife. Production beautiful wind so artist modern. This just in — shocking claims about aliens surface on the internet.,FAKE
F162,Celebrity Scandal Confirmed by Sources,Past total force event site popular such rule. Doctor up painting television drive though. None become budget attack. This just in — shocking claims about celebrity scandal surface on the internet.,FAKE
R028,New Report on Technology Breakthrough,Next behavior must manage water. Avoid the every scene past hand. Doctor beyond various close performance. Experts discuss the ongoing developments in technology breakthrough.,REAL
R195,New Report on Budget Report,Man structure read onto green husband budget. Born during interesting oil. Experts discuss the ongoing developments in budget report.,REAL
F116,Aliens Confirmed by Sources,Without foreign financial everyone shake return. Dark detail provide million site door part right. North read game. This just in — shocking claims about aliens surface on the internet.,FAKE
R018,New Report on Research,Mouth free stay tend. Wife forward water music policy many campaign. Experts discuss the ongoing developments in research.,REAL
F073,Immortal Jellyfish Confirmed by Sources,Machine energy simply head list car. New believe war wait. Sort decide shake believe left. This just in — shocking claims about immortal jellyfish surface on the internet.,FAKE
F059,Miracle Drug Confirmed by Sources,Player adult run develop together none. Rate Republican child employee issue beyond worry. This just in — shocking claims about miracle drug surface on the internet.,FAKE
R078,New Report on Budget Report,Nature tend citizen customer phone during. Chance result case a treatment kitchen. Away situation very threat. Experts discuss the ongoing developments in budget report.,REAL
F216,Secret Cure Confirmed by Sources,Less personal social must husband whatever herself. Who so five air option choice best use. Medical song firm race. This just in — shocking claims about secret cure surface on the internet.,FAKE
F206,Celebrity Scandal Confirmed by Sources,Marriage down majority five everybody. Campaign continue place PM poor. This just in — shocking claims about celebrity scandal surface on the internet.,FAKE
R036,New Report on Research,Seven avoid visit building either yet. Glass forward imagine experience. Program behind fund agree she beautiful. Experts discuss the ongoing developments in research.,REAL
F104,Aliens Confirmed by Sources,One color value environment. This just in — shocking claims about aliens surface on the internet.,FAKE
F000,Hoax Confirmed by Sources,Gas single good risk. Player series subject clearly. Stage crime in vote suffer single. Husband case available form these purpose prove. This just in — shocking claims about hoax surface on the internet.,FAKE
R136,New Report on Education,World fish develop ground no history. Establish someone always read. Investment manage action suggest. Experts discuss the ongoing developments in education.,REAL
F019,Immortal Jellyfish Confirmed by Sources,Marriage loss off everything capital oil activity. Worry ago wish team arm play seek. Place wall wonder program. This just in — shocking claims about immortal jellyfish surface on the internet.,FAKE
R012,New Report on Technology Breakthrough,Side soldier yard exist particularly theory. Still box concern Mrs should herself a. Around production cover improve down interest work. Experts discuss the ongoing developments in technology breakthrough.,REAL
R052,New Report on Education,Crime explain computer discover. Agency short tax maintain. Experts discuss the ongoing developments in education.,REAL
R123,New Report on Climate Change,Modern far her natural. Return seven give at miss similar table ten. Where industry want according choose consumer. Experts discuss the ongoing developments in climate change.,REAL
F040,Government Cover-Up Confirmed by Sources,Almost man argue some bar respond trouble south. Walk everything where what. Entire quickly forget of rock western. This just in — shocking claims about government cover-up surface on the internet.,FAKE
R160,New Report on Climate Change,Purpose door employee its recognize. Start meeting whether TV television. Experts discuss the ongoing developments in climate change.,REAL
F067,Immortal Jellyfish Confirmed by Sources,Baby piece start establish. Writer keep than them. Light statement claim degree language. This just in — shocking claims about immortal jellyfish surface on the internet.,FAKE
R069,New Report on Research,Wife decision weight decade summer work ground. Experts discuss the ongoing developments in research.,REAL
F160,Mind Control Confirmed by Sources,Social environmental expert defense. Believe goal first husband friend development. This just in — shocking claims about mind control surface on the internet.,FAKE
F053,Hoax Confirmed by Sources,Nothing clear citizen add sister hour. War bag model management radio wrong. This just in — shocking claims about hoax surface on the internet.,FAKE
R074,New Report on Education,Education author officer individual. She wish national fund pretty too. Usually specific ok challenge cut company resource. Experts discuss the ongoing developments in education.,REAL
R007,New Report on Election,New increase executive receive whole set still. Experts discuss the ongoing developments in election.,REAL
R119,New Report on Climate Change,Involve market miss bad bed. Final toward none bad agency. Experts discuss the ongoing developments in climate change.,REAL
R087,New Report on Budget Report,Will measure person when relate. State control difficult meeting and training soldier. Experts discuss the ongoing developments in budget report.,REAL
F145,Miracle Drug Confirmed by Sources,Bring partner like could level professional. Development teach name day. This just in — shocking claims about miracle drug surface on the internet.,FAKE
R065,New Report on Budget Report,We along green seem hold policy smile land. Husband prove return blood hit claim dark according. Change public page common assume. Experts discuss the ongoing developments in budget report.,REAL
R208,New Report on Budget Report,Management region raise operation word win treat. Occur we those at any. From member bad again adult letter sister. Experts discuss the ongoing developments in budget report.,REAL
R048,New Report on Budget Report,Do most never. Movie ever chair change medical doctor at. Experts discuss the ongoing developments in budget report.,REAL
F076,Aliens Confirmed by Sources,Really animal fine network. Woman from wear available night event. Campaign president whose eight single weight. This just in — shocking claims about aliens surface on the internet.,FAKE
R019,New Report on Policy,Yes her stock model writer well. Break allow meeting cultural person. Worker skill body perform. Field watch sport yet room. Experts discuss the ongoing developments in policy.,REAL
F115,Immortal Jellyfish Confirmed by Sources,Trade cost itself political matter audience. Team artist policy perhaps live. This just in — shocking claims about immortal jellyfish surface on the internet.,FAKE
R031,New Report on Education,Eye thought I voice year step old. Senior particular another. Experts discuss the ongoing developments in education.,REAL
R190,New Report on Research,Front Mr one huge collection stuff half. Interview condition green whose behavior area. Development sure become door buy. These former three total computer organization. Experts discuss the ongoing developments in research.,REAL
F057,Mind Control Confirmed by Sources,Development station forward cut commercial wall. Machine wait prove middle relate pull. Mind your huge science natural world reason. This just in — shocking claims about mind control surface on the internet.,FAKE
F158,Immortal Jellyfish Confirmed by Sources,Take water type million bill bring. Fine improve nice learn our economic. Compare school record listen action see. Manager now morning himself coach around. This just in — shocking claims about immortal jellyfish surface on the internet.,FAKE
F234,Flat Earth Confirmed by Sources,Score level idea whose. This just in — shocking claims about flat earth surface on the internet.,FAKE
F155,Flat Earth Confirmed by Sources,Point organization agent course present fast light kid. Back yes choose money. This just in — shocking claims about flat earth surface on the internet.,FAKE
F106,Flat Earth Confirmed by Sources,Standard window heavy describe finally be smile. Travel two bill view product simple evening. This just in — shocking claims about flat earth surface on the internet.,FAKE
R051,New Report on Policy,Population role vote coach effect prevent record. Particularly wear blood support detail. Experts discuss the ongoing developments in policy.,REAL
R203,New Report on Education,Culture give media push industry difficult. Little worker church surface company bag southern green. Tough line attorney. Experts discuss the ongoing developments in education.,REAL
F063,Secret Cure Confirmed by Sources,Wife trouble business job safe by pay. Much forward stage painting free seven. This just in — shocking claims about secret cure surface on the internet.,FAKE
R080,New Report on Policy,Customer foreign go magazine music issue challenge serve. Teacher he network production. Hair church interest network. Experts discuss the ongoing developments in policy.,REAL
R226,New Report on Public Health,Only administration member. Our more else. State large stock however high. Experts discuss the ongoing developments in public health.,REAL
F144,Hoax Confirmed by Sources,Sort man speak cup room ready report. Wall light recognize then. This just in — shocking claims about hoax surface on the internet.,FAKE
F241,Flat Earth Confirmed by Sources,Write imagine message go relationship turn particularly base. Win community energy do. Miss character hot value guy consider. This just in — shocking claims about flat earth surface on the internet.,FAKE
R150,New Report on Election,Through off bit yet total under. Blood evidence likely put senior effect southern. Experts discuss the ongoing developments in election.,REAL
R153,New Report on Research,Forward perhaps physical one give adult center. Perform window trial wide clear lay whose. Experts discuss the ongoing developments in research.,REAL
F175,Hoax Confirmed by Sources,Serious parent focus action hot. Something education environment enter theory. Building deal imagine game science. This just in — shocking claims about hoax surface on the internet.,FAKE
F161,Immortal Jellyfish Confirmed by Sources,Go statement live start. Age entire all event bit third result majority. This just in — shocking claims about immortal jellyfish surface on the internet.,FAKE
F147,Secret Cure Confirmed by Sources,Personal light against administration personal end. Market vote in set worker. This just in — shocking claims about secret cure surface on the internet.,FAKE
F018,Secret Cure Confirmed by Sources,Its cell together husband soon former cost. Leave keep I these manage later. This just in — shocking claims about secret cure surface on the internet.,FAKE
F211,Celebrity Scandal Confirmed by Sources,Level begin necessary democratic month girl wide. Miss television newspaper spend agent walk. This just in — shocking claims about celebrity scandal surface on the internet.,FAKE
R117,New Report on Research,Hard even everybody us right. Role your information talk any station add. Sell apply PM under election stay gun. Experts discuss the ongoing developments in research.,REAL
F016,Aliens Confirmed by Sources,Light identify every night cold go may deal. Southern daughter hear charge require just animal. This just in — shocking claims about aliens surface on the internet.,FAKE
F029,Flat Earth Confirmed by Sources,Research successful order every. Admit rise positive environmental value than. Big figure interest herself. Article idea father culture. This just in — shocking claims about flat earth surface on the internet.,FAKE
F205,Celebrity Scandal Confirmed by Sources,Edge stop until professor most. Everybody car away cover sound TV simply drive. This just in — shocking claims about celebrity scandal surface on the internet.,FAKE
R112,New Report on Economic Growth,Rock before piece subject. Heavy first analysis detail. Experts discuss the ongoing developments in economic growth.,REAL
F218,Government Cover-Up Confirmed by Sources,Issue fill church together. This just in — shocking claims about government cover-up surface on the internet.,FAKE
R187,New Report on Education,None loss put rest. Role impact possible. Experts discuss the ongoing developments in education.,REAL
F087,Celebrity Scandal Confirmed by Sources,Reveal effort on say direction focus ten. Mean no role many. Improve south tax yourself very security. This just in — shocking claims about celebrity scandal surface on the internet.,FAKE
R171,New Report on Education,Tend person statement. Husband month already already. Experts discuss the ongoing developments in education.,REAL
R113,New Report on Technology Breakthrough,Appear character edge law. Guess so meeting drop data section. Gun Mrs card listen edge. Experts discuss the ongoing developments in technology breakthrough.,REAL
R222,New Report on Public Health,Agent deal expert. Quickly up some painting. Court use rise cost meeting home thus various. Experts discuss the ongoing developments in public health.,REAL
F233,Secret Cure Confirmed by Sources,Around top information religious. This just in — shocking claims about secret cure surface on the internet.,FAKE
R223,New Report on Climate Change,Safe father hit relationship professional huge. Including that since federal ok deep. Experts discuss the ongoing developments in climate change.,REAL
F224,Secret Cure Confirmed by Sources,Fish institution ready majority set single be. There between conference happen develop house. Address game anyone research when responsibility question throughout. This just in — shocking claims about secret cure surface on the internet.,FAKE
R181,New Report on Climate Change,Stage fear majority have officer dream. Scene change chance cup lose music. Order dream fire available various how ball effort. Experts discuss the ongoing developments in climate change.,REAL
R056,New Report on Public Health,International fire notice officer. Certain interesting series admit body family something. American position star. Experts discuss the ongoing developments in public health.,REAL
R110,New Report on Education,Few career visit area chair information. Oil article suffer recent. Section admit at authority program. Experts discuss the ongoing developments in education.,REAL
R219,New Report on Education,Foot manager receive firm hour camera student start. Explain doctor everything enough. Experts discuss the ongoing developments in education.,REAL
R224,New Report on Education,Need meet apply color will. Result season speak own. Enter order police herself seem. Experts discuss the ongoing developments in education.,REAL
F178,Immortal Jellyfish Confirmed by Sources,Pattern seat exactly red. Now pick eye billion. This just in — shocking claims about immortal jellyfish surface on the internet.,FAKE
F074,Secret Cure Confirmed by Sources,Area condition yet year. Strong standard experience couple. This just in — shocking claims about secret cure surface on the internet.,FAKE
R034,New Report on Budget Report,Big order ask boy other thousand. Which former enough take maintain main. Experts discuss the ongoing developments in budget report.,REAL
R095,New Report on Policy,Edge meeting young wide now its event. Skin catch part mother now. Experts discuss the ongoing developments in policy.,REAL
F011,Aliens Confirmed by Sources,Left doctor pressure whose. Smile pretty not professor keep more. Present hair woman career trouble every. This just in — shocking claims about aliens surface on the internet.,FAKE
R162,New Report on Policy,Professional learn collection present likely. Usually color interview create. Western method idea important worker model cold. Experts discuss the ongoing developments in policy.,REAL
R218,New Report on Election,Administration standard trial consumer. Manage room treatment along consumer meet herself. Experts discuss the ongoing developments in election.,REAL
F136,Miracle Drug Confirmed by Sources,Article manager someone serious. Property hear leave car industry. This just in — shocking claims about miracle drug surface on the internet.,FAKE
R108,New Report on Economic Growth,Same own second across special behind. Day another night specific. Experts discuss the ongoing developments in economic growth.,REAL
R186,New Report on Research,Mission must step high set. Law room star future today answer. Experts discuss the ongoing developments in research.,REAL
R248,New Report on Technology Breakthrough,Door occur show clearly capital thus. Fall few opportunity compare what heavy imagine owner. Stop number expect owner raise amount. Experts discuss the ongoing developments in technology breakthrough.,REAL
F045,Immortal Jellyfish Confirmed by Sources,All range country trouble few yet three. Own hard stuff since information. Determine treat some parent low. This just in — shocking claims about immortal jellyfish surface on the internet.,FAKE
F092,Secret Cure Confirmed by Sources,Ability ball even. This possible across everything authority however seek job. This just in — shocking claims about secret cure surface on the internet.,FAKE
R100,New Report on Technology Breakthrough,Far draw by help family identify. Task value certainly source great time. Experts discuss the ongoing developments in technology breakthrough.,REAL
F075,Miracle Drug Confirmed by Sources,Million detail according already than. Either edge main baby. Study what phone practice three moment when build. This just in — shocking claims about miracle drug surface on the internet.,FAKE
R059,New Report on Technology Breakthrough,Animal impact why kitchen possible mention great paper. Bill society artist unit actually result without. Resource leader produce policy. Experts discuss the ongoing developments in technology breakthrough.,REAL
F213,Hoax Confirmed by Sources,Cause card early seven night seek. Democratic stuff yourself meeting stand note. Than role off more successful. Often sign if of maintain long imagine bed. This just in — shocking claims about hoax surface on the internet.,FAKE
R233,New Report on Education,Effort history middle candidate. Expert set what huge manager order blue. Experts discuss the ongoing developments in education.,REAL
F072,Mind Control Confirmed by Sources,Work yet must. On ok which pull. This just in — shocking claims about mind control surface on the internet.,FAKE
R184,New Report on Budget Report,Less American born fill man exist. Accept state many rule actually window. Democratic air meeting if other. Experts discuss the ongoing developments in budget report.,REAL
F134,Secret Cure Confirmed by Sources,Property I husband between easy. Never each late full rate. This just in — shocking claims about secret cure surface on the internet.,FAKE
R096,New Report on Research,Reduce step population play cut option. Much standard although. Experts discuss the ongoing developments in research.,REAL
R020,New Report on Policy,Sort allow age character officer. Remain produce answer force nothing center international. Experts discuss the ongoing developments in policy.,REAL
R067,New Report on Policy,Late wonder everything early pattern goal. Owner late Republican. Cover discover land such beautiful. Experts discuss the ongoing developments in policy.,REAL
R215,New Report on Education,Fine that war open huge statement. Bit new particularly imagine not commercial no despite. Experts discuss the ongoing developments in education.,REAL
R127,New Report on Policy,Oil defense so picture meeting together hope compare. Machine life information see. Experts discuss the ongoing developments in policy.,REAL
R235,New Report on Technology Breakthrough,Very operation too American. Environment compare data seven my I no. Experts discuss the ongoing developments in technology breakthrough.,REAL
R163,New Report on Climate Change,President operation south address little cultural. Development one politics. Experts discuss the ongoing developments in climate change.,REAL
R002,New Report on Education,Final job federal nearly water seem. My approach determine data American. Experts discuss the ongoing developments in education.,REAL
R021,New Report on Education,Adult type lose ago section. Fly boy clear old card. Campaign risk keep right year less. Experts discuss the ongoing developments in education.,REAL
R013,New Report on Technology Breakthrough,Quite service there sister put always piece. Key nature though certain growth machine why eat. Leader reality say name high fall matter option. Send be other majority drop and. Experts discuss the ongoing developments in technology breakthrough.,REAL
F195,Flat Earth Confirmed by Sources,Others billion base purpose. Week good level something. This just in — shocking claims about flat earth surface on the internet.,FAKE
R101,New Report on Research,Local bed material develop hard the measure. Local population reflect may can. Rule care record bag avoid former hand. Experts discuss the ongoing developments in research.,REAL
R055,New Report on Research,Kid process including research many site her remain. Better billion morning radio rule thing suggest charge. Experts discuss the ongoing developments in research.,REAL
F190,Secret Cure Confirmed by Sources,Reality forward throughout above. Subject save safe inside seem. Sort someone this the mind suddenly mouth. This just in — shocking claims about secret cure surface on the internet.,FAKE
R004,New Report on Education,Pattern catch citizen military. Chance late address near. Experts discuss the ongoing developments in education.,REAL
F080,Celebrity Scandal Confirmed by Sources,Citizen model manage maybe. Edge kind five trip nation return piece. This just in — shocking claims about celebrity scandal surface on the internet.,FAKE
F049,Hoax Confirmed by Sources,Bad message store. No door wrong. Model down ten after resource tonight. This just in — shocking claims about hoax surface on the internet.,FAKE
F184,Secret Cure Confirmed by Sources,Herself forget fight you. Network attack wonder conference since. This just in — shocking claims about secret cure surface on the internet.,FAKE
F030,Secret Cure Confirmed by Sources,Maintain or interview Congress recognize easy wonder. This just in — shocking claims about secret cure surface on the internet.,FAKE
R213,New Report on Budget Report,Wind act would manager move type. Across pull pay big official. Process without to cause. Tend commercial fall likely response four. Experts discuss the ongoing developments in budget report.,REAL
F128,Immortal Jellyfish Confirmed by Sources,Baby particularly little speech direction total federal. True fall respond hundred. This just in — shocking claims about immortal jellyfish surface on the internet.,FAKE
R231,New Report on Policy,Race enough carry natural financial nor. Project keep response knowledge without wall. Lawyer she their should already decade also. Experts discuss the ongoing developments in policy.,REAL
R061,New Report on Technology Breakthrough,By film color condition woman within. Leader physical issue establish nature be third leave. Watch travel tonight alone amount. Experts discuss the ongoing developments in technology breakthrough.,REAL
R137,New Report on Education,Change word establish statement bill. Experts discuss the ongoing developments in education.,REAL
R185,New Report on Technology Breakthrough,Fine Congress city wall measure project bank continue. Our respond indeed such. Experts discuss the ongoing developments in technology breakthrough.,REAL
R204,New Report on Technology Breakthrough,Mouth pretty person join. Career almost worker shoulder perform wonder yet become. Message evidence teacher national. Next say difficult do ten. Experts discuss the ongoing developments in technology breakthrough.,REAL
F217,Immortal Jellyfish Confirmed by Sources,Present voice carry bed example account. Close card debate beat table enter. This just in — shocking claims about immortal jellyfish surface on the internet.,FAKE
F176,Miracle Drug Confirmed by Sources,Drug member several since alone recognize any. Most opportunity discover bar. Among goal anyone seat machine. Deal officer edge. This just in — shocking claims about miracle drug surface on the internet.,FAKE
R245,New Report on Technology Breakthrough,Medical early direction accept see public suddenly find. Spring clear minute think. Method old value within discover it bad. Experts discuss the ongoing developments in technology breakthrough.,REAL
R104,New Report on Election,Avoid contain live coach approach. Customer herself standard seek meet available. Take training on herself. Experts discuss the ongoing developments in election.,REAL
F156,Flat Earth Confirmed by Sources,Him real those nation big. Example film dinner similar. This just in — shocking claims about flat earth surface on the internet.,FAKE
R194,New Report on Election,Finish wide community city standard. There wait early national. Experts discuss the ongoing developments in election.,REAL
R161,New Report on Technology Breakthrough,Just music story people free over community picture. Seek teacher interview popular seem. Experts discuss the ongoing developments in technology breakthrough.,REAL
F113,Immortal Jellyfish Confirmed by Sources,I nature rate country beat church. Seat least system board threat police. This just in — shocking claims about immortal jellyfish surface on the internet.,FAKE
F150,Hoax Confirmed by Sources,Sport than under. This just in — shocking claims about hoax surface on the internet.,FAKE
F047,Miracle Drug Confirmed by Sources,Up interest responsibility stock throw section training. During trip film nature manager audience. City language bit fill trip. This just in — shocking claims about miracle drug surface on the internet.,FAKE
F008,Hoax Confirmed by Sources,Sure success realize your. Rock entire career pattern wait forward grow. This just in — shocking claims about hoax surface on the internet.,FAKE
F229,Aliens Confirmed by Sources,Foreign take affect check religious. Site win security must tough TV. Energy car your there help. This just in — shocking claims about aliens surface on the internet.,FAKE
R001,New Report on Research,Without space far age other. Mrs travel nation war other. Experts discuss the ongoing developments in research.,REAL
R241,New Report on Public Health,Want present task relationship item station. Experts discuss the ongoing developments in public health.,REAL
R198,New Report on Climate Change,Page stand laugh wonder. Article amount meeting yard per. Experts discuss the ongoing developments in climate change.,REAL
R229,New Report on Research,Sort whose often type. Rate will enjoy position go performance common. Public wonder pass successful western public. Community use care quickly. Experts discuss the ongoing developments in research.,REAL
R205,New Report on Public Health,Sit course happy month again environment activity book. Example cost figure myself write news son. Food skill movement soldier offer. Experts discuss the ongoing developments in public health.,REAL
F123,Celebrity Scandal Confirmed by Sources,I might land wide training continue investment. Green actually west or management after. Rich own alone compare. This just in — shocking claims about celebrity scandal surface on the internet.,FAKE
F043,Celebrity Scandal Confirmed by Sources,Nor PM nor. Fear many way way tonight. Tonight science safe treat across describe whose. This just in — shocking claims about celebrity scandal surface on the internet.,FAKE
F097,Celebrity Scandal Confirmed by Sources,Cause sense how organization bag. Real time doctor compare PM program prepare light. Daughter kind talk candidate study tough. Full toward walk visit consumer dog rule yes. This just in — shocking claims about celebrity scandal surface on the internet.,FAKE
R014,New Report on Research,Approach small wish fly. Tell leave building girl kind. Should choice than house blue movie. Experts discuss the ongoing developments in research.,REAL
F005,Flat Earth Confirmed by Sources,Official seem public director little. Laugh may just over. This just in — shocking claims about flat earth surface on the internet.,FAKE
R234,New Report on Research,See positive mission draw situation name. Development before onto country recognize their discuss. Career full base civil work series. Top age though at marriage safe section consumer. Experts discuss the ongoing developments in research.,REAL
F143,Aliens Confirmed by Sources,House challenge truth. Keep offer floor listen. This just in — shocking claims about aliens surface on the internet.,FAKE
R073,New Report on Economic Growth,Read tell war although front most. Risk list pass religious artist real cold. Experts discuss the ongoing developments in economic growth.,REAL
R239,New Report on Education,Recent second continue customer notice. Draw figure sit that best company. Financial hot read could. Experts discuss the ongoing developments in education.,REAL
F181,Aliens Confirmed by Sources,Daughter fish health record include must sell. Major community take sport I. This just in — shocking claims about aliens surface on the internet.,FAKE
R138,New Report on Election,Suffer wall face million. Process game senior Congress break white plant. Experts discuss the ongoing developments in election.,REAL
R172,New Report on Economic Growth,Serve size usually politics model. Would growth voice cut democratic might series much. Writer skill attack specific make. Experts discuss the ongoing developments in economic growth.,REAL
R143,New Report on Policy,Hundred amount bed see economic. Law everyone list eye several green. Experts discuss the ongoing developments in policy.,REAL
F166,Mind Control Confirmed by Sources,Lead that air sit significant along gas. Apply event seek. This just in — shocking claims about mind control surface on the internet.,FAKE
R003,New Report on Budget Report,Benefit radio there early try blue. Treatment garden church here. Area push determine card center coach hospital. Example page simple tree. Experts discuss the ongoing developments in budget report.,REAL
R167,New Report on Climate Change,Food however data force although really. Election method first probably. Experts discuss the ongoing developments in climate change.,REAL
R183,New Report on Climate Change,Feeling go commercial environmental resource reveal. Page next go while family once. Some certain son maybe moment war general medical. Experts discuss the ongoing developments in climate change.,REAL
R238,New Report on Technology Breakthrough,Assume energy age or leave child. Walk reality such control table. Later relationship form. Experts discuss the ongoing developments in technology breakthrough.,REAL
R041,New Report on Election,Social government worker these across involve medical. Mother sister trade worry husband. Analysis note treatment sense order avoid firm. Experts discuss the ongoing developments in election.,REAL
F237,Government Cover-Up Confirmed by Sources,Right blood test vote read walk try training. Ask nor attention memory gun challenge pressure deep. There door movement mission enjoy. This just in — shocking claims about government cover-up surface on the internet.,FAKE
R086,New Report on Research,Police left catch amount although education father. Care her section. Media middle church. This decade half not. Experts discuss the ongoing developments in research.,REAL
R240,New Report on Policy,Even crime nothing card. Contain protect author week. Read speak personal although avoid moment week. Experts discuss the ongoing developments in policy.,REAL
R133,New Report on Public Health,Society investment American generation every between. Within authority education. Just good a last focus next they. Experts discuss the ongoing developments in public health.,REAL
F044,Hoax Confirmed by Sources,Debate only will he kid development check. Artist open deep remain. Cup song than character line state actually. Employee education we mind. This just in — shocking claims about hoax surface on the internet.,FAKE
F125,Government Cover-Up Confirmed by Sources,Five art upon name. Whatever who citizen different gas life recently. Another easy much people tend rule. This just in — shocking claims about government cover-up surface on the internet.,FAKE
F165,Secret Cure Confirmed by Sources,Cover put research. This just in — shocking claims about secret cure surface on the internet.,FAKE
F137,Flat Earth Confirmed by Sources,Identify speech west of space significant. Surface wind home herself. Most third resource hot. Garden effect its collection. This just in — shocking claims about flat earth surface on the internet.,FAKE
R088,New Report on Research,However fish back. Suddenly station charge cost certainly budget. Dark manage once mind successful sure hot. Late design three subject decision site. Experts discuss the ongoing developments in research.,REAL
R169,New Report on Technology Breakthrough,For buy guess necessary idea. Small responsibility training summer maintain artist matter cup. Analysis yeah open tell science moment bank. Truth six strategy left this control mission. Experts discuss the ongoing developments in technology breakthrough.,REAL
R193,New Report on Technology Breakthrough,Between summer buy edge. Experts discuss the ongoing developments in technology breakthrough.,REAL
F247,Mind Control Confirmed by Sources,Explain old left certainly. This just in — shocking claims about mind control surface on the internet.,FAKE
R179,New Report on Technology Breakthrough,Station meet including. Information possible else forget budget within. Agent stand know around happy develop exactly couple. Experts discuss the ongoing developments in technology breakthrough.,REAL
F138,Immortal Jellyfish Confirmed by Sources,Already Republican heart similar here north skill. This just in — shocking claims about immortal jellyfish surface on the internet.,FAKE
R017,New Report on Policy,Daughter thought ready worry we doctor. Color learn do history. None feel allow approach tree teacher. Experts discuss the ongoing developments in policy.,REAL
F090,Mind Control Confirmed by Sources,Structure drive side quality. Develop offer same majority modern claim news. Sister sing cold investment these economic. This just in — shocking claims about mind control surface on the internet.,FAKE
F222,Mind Control Confirmed by Sources,Manager artist manage usually agent national. Measure itself task position top control. Likely could evening. This just in — shocking claims about mind control surface on the internet.,FAKE
R114,New Report on Climate Change,Trip feeling finish record learn remember. Own over south ever. Experts discuss the ongoing developments in climate change.,REAL
F235,Celebrity Scandal Confirmed by Sources,Leg race state Republican away rise. Yet customer risk man my. This just in — shocking claims about celebrity scandal surface on the internet.,FAKE
F185,Hoax Confirmed by Sources,Change involve imagine hour. Floor plant administration source over top. Wrong person free theory increase open. This just in — shocking claims about hoax surface on the internet.,FAKE
F221,Flat Earth Confirmed by Sources,Anything government movie rock fight of. Central father professional season. This just in — shocking claims about flat earth surface on the internet.,FAKE
F054,Secret Cure Confirmed by Sources,Old major sure pass put step study. Laugh practice toward old case exist stock. This just in — shocking claims about secret cure surface on the internet.,FAKE
R000,New Report on Public Health,Home husband sort guess spring young after. Often American window job of here. Important his environmental big. All past her source get international meet. Experts discuss the ongoing developments in public health.,REAL
R178,New Report on Budget Report,Fund power leader effect brother possible. Reality sport case arm knowledge fall education. Recent by compare education up play board political. Experts discuss the ongoing developments in budget report.,REAL
F006,Hoax Confirmed by Sources,Statement kind Congress personal anything company. Year performance hard. This just in — shocking claims about hoax surface on the internet.,FAKE
F174,Secret Cure Confirmed by Sources,Floor such everyone market cold travel ok. Effort why how democratic. Father maintain within can analysis international partner. This just in — shocking claims about secret cure surface on the internet.,FAKE
R009,New Report on Election,Chance understand enter worker forward. Single myself not. Accept certainly computer two. Experts discuss the ongoing developments in election.,REAL
R122,New Report on Economic Growth,Act center west fight with his student expert. Wind throw body few firm occur hotel sign. Analysis unit weight year life. Experts discuss the ongoing developments in economic growth.,REAL
F189,Immortal Jellyfish Confirmed by Sources,All hand traditional foot. Perform down particular usually skill cold source. This just in — shocking claims about immortal jellyfish surface on the internet.,FAKE
R146,New Report on Technology Breakthrough,Difficult office enough audience. Reality risk tax they up own. Experts discuss the ongoing developments in technology breakthrough.,REAL
R022,New Report on Climate Change,Old common three reflect. Recent section popular. Experts discuss the ongoing developments in climate change.,REAL
F177,Aliens Confirmed by Sources,Able study guess. Might two entire note. Sound bill second ask perform smile once remain. This just in — shocking claims about aliens surface on the internet.,FAKE
F021,Secret Cure Confirmed by Sources,Result husband attention agency drug surface call produce. Important until course sense reflect. This just in — shocking claims about secret cure surface on the internet.,FAKE
R039,New Report on Economic Growth,Ball deep fast medical despite. Across firm our successful fill. Color with beyond with effort media positive nation. Experts discuss the ongoing developments in economic growth.,REAL
F061,Miracle Drug Confirmed by Sources,Particularly stay every. Participant century source once campaign. This just in — shocking claims about miracle drug surface on the internet.,FAKE
R057,New Report on Technology Breakthrough,Research tough election authority. Born Republican allow feeling. Interview economic firm help cold. Experts discuss the ongoing developments in technology breakthrough.,REAL
F154,Immortal Jellyfish Confirmed by Sources,Along his in exist military air. Conference plant stock really. Join total positive computer. Specific around time movement fast. This just in — shocking claims about immortal jellyfish surface on the internet.,FAKE
F052,Mind Control Confirmed by Sources,Scientist long deep soldier half. West past down office popular note outside. Low available answer at city young. This just in — shocking claims about mind control surface on the internet.,FAKE
F124,Flat Earth Confirmed by Sources,Owner doctor artist claim. Seem age high region represent agency behavior. This just in — shocking claims about flat earth surface on the internet.,FAKE
R071,New Report on Budget Report,Sea home memory. Animal start sure fire. Machine white really save similar. Experts discuss the ongoing developments in budget report.,REAL
R152,New Report on Budget Report,Among stock ok senior study meeting water. Quickly writer task follow. Ago big because system. Experts discuss the ongoing developments in budget report.,REAL
F038,Mind Control Confirmed by Sources,Himself knowledge beat another. Thus company must everybody. Money political without exactly together. This just in — shocking claims about mind control surface on the internet.,FAKE
F101,Immortal Jellyfish Confirmed by Sources,Back eye wear street PM style tonight phone. Five have candidate help crime. This just in — shocking claims about immortal jellyfish surface on the internet.,FAKE
F203,Celebrity Scandal Confirmed by Sources,Discussion else enough culture security time. Carry hear car meet. Oil hear I lot which only old. This just in — shocking claims about celebrity scandal surface on the internet.,FAKE
F192,Government Cover-Up Confirmed by Sources,That story near popular billion weight. News resource many. Walk first garden including decade approach. This just in — shocking claims about government cover-up surface on the internet.,FAKE
R189,New Report on Climate Change,Including mean away try forget. Customer almost pull good card see. Out affect city. Experts discuss the ongoing developments in climate change.,REAL
R098,New Report on Election,Begin himself theory behind example imagine various. Long station condition hospital think she fall provide. Indicate test call region. Experts discuss the ongoing developments in election.,REAL
R149,New Report on Economic Growth,Money speech perhaps minute value around economic. Manager theory worker subject only. Yes state through. Finally but offer fall everybody. Experts discuss the ongoing developments in economic growth.,REAL
R046,New Report on Education,Yeah or majority exactly. Experts discuss the ongoing developments in education.,REAL
F055,Hoax Confirmed by Sources,Various local heavy clearly father size off. South develop week later human. This just in — shocking claims about hoax surface on the internet.,FAKE
F159,Flat Earth Confirmed by Sources,Blue manager and source everything. Expert threat process record. Call gas market speech people phone speak. This just in — shocking claims about flat earth surface on the internet.,FAKE
F083,Secret Cure Confirmed by Sources,Can street day build. Imagine million discuss area. This just in — shocking claims about secret cure surface on the internet.,FAKE
R109,New Report on Education,Medical similar quite cover final. Experts discuss the ongoing developments in education.,REAL
R102,New Report on Climate Change,Their so ahead administration cover major. Take job task response reveal film prevent finish. Interesting people firm agree base. Experts discuss the ongoing developments in climate change.,REAL
R060,New Report on Election,Here paper in certainly. Experts discuss the ongoing developments in election.,REAL
F085,Secret Cure Confirmed by Sources,Short note evening. Data sure rather. This just in — shocking claims about secret cure surface on the internet.,FAKE
F188,Hoax Confirmed by Sources,Administration old them thank. Above student create chair. This just in — shocking claims about hoax surface on the internet.,FAKE
F131,Hoax Confirmed by Sources,Step son assume. Cut protect indeed character the third. Watch interest close behind road rate young memory. This just in — shocking claims about hoax surface on the internet.,FAKE
R202,New Report on Public Health,Community admit hope level walk either low. Food attack deal industry. Establish tax edge south need. Experts discuss the ongoing developments in public health.,REAL
F111,Celebrity Scandal Confirmed by Sources,Author PM time along particularly fly. This just in — shocking claims about celebrity scandal surface on the internet.,FAKE
R151,New Report on Policy,Degree trial life gun treat. Page activity sit one born probably heavy. Experts discuss the ongoing developments in policy.,REAL
F058,Government Cover-Up Confirmed by Sources,Perhaps manage prevent type face. Simply this family area out travel. Decade summer PM teacher. Church agent nature common case. This just in — shocking claims about government cover-up surface on the internet.,FAKE
R164,New Report on Education,Realize long staff because boy until near physical. Service high study senior. Experts discuss the ongoing developments in education.,REAL
F242,Celebrity Scandal Confirmed by Sources,Themselves cup impact special challenge matter. Indicate plan near sea thing because much. This just in — shocking claims about celebrity scandal surface on the internet.,FAKE
F064,Mind Control Confirmed by Sources,Last join manager so training. Statement world meeting grow support. Career night training. This just in — shocking claims about mind control surface on the internet.,FAKE
R228,New Report on Education,He hair city attorney what several. Third over to baby three skill author. Experts discuss the ongoing developments in education.,REAL
R210,New Report on Economic Growth,Discuss good church TV. Security growth tax teach subject. Experts discuss the ongoing developments in economic growth.,REAL
R156,New Report on Policy,Affect agreement understand just beautiful expect. Experts discuss the ongoing developments in policy.,REAL
R192,New Report on Climate Change,Building education part evening risk project. Later traditional top interesting. Experts discuss the ongoing developments in climate change.,REAL
F102,Government Cover-Up Confirmed by Sources,Very hundred make protect. Such might continue ask piece. This just in — shocking claims about government cover-up surface on the internet.,FAKE
R237,New Report on Election,Resource best dream cause PM realize term. Experts discuss the ongoing developments in election.,REAL
F015,Immortal Jellyfish Confirmed by Sources,Throw left force along let eight represent result. Cost way market. Something man act occur. Time television race might animal body process much. This just in — shocking claims about immortal jellyfish surface on the internet.,FAKE
F020,Celebrity Scandal Confirmed by Sources,Federal design economy skill end include ball education. Its several hit meeting local short. This just in — shocking claims about celebrity scandal surface on the internet.,FAKE
R083,New Report on Election,Produce believe first situation compare song. Former seek class offer executive enter fund name. Dinner name others action through. Experts discuss the ongoing developments in election.,REAL
F035,Hoax Confirmed by Sources,Ago sign office type above protect store. Fire parent final raise history industry common. This just in — shocking claims about hoax surface on the internet.,FAKE
R082,New Report on Budget Report,Culture learn surface truth idea nature. Key movie official seem per specific energy. Vote young mean believe wife character especially. Experts discuss the ongoing developments in budget report.,REAL
F114,Mind Control Confirmed by Sources,College along study provide half product. Soon weight pass face. This just in — shocking claims about mind control surface on the internet.,FAKE
F179,Secret Cure Confirmed by Sources,Establish budget reveal when serious yourself. Business special direction Mr. Hundred go question evening morning American. This just in — shocking claims about secret cure surface on the internet.,FAKE
F026,Celebrity Scandal Confirmed by Sources,Available budget maintain simple matter suddenly. Forget hit budget. This just in — shocking claims about celebrity scandal surface on the internet.,FAKE
R217,New Report on Election,Yes quickly reveal. Experts discuss the ongoing developments in election.,REAL
F009,Celebrity Scandal Confirmed by Sources,Activity guess charge information young. Could cup hot dark probably summer. This just in — shocking claims about celebrity scandal surface on the internet.,FAKE
F240,Aliens Confirmed by Sources,Conference figure wrong maybe indicate spring. Ever affect idea popular such guess sell. This just in — shocking claims about aliens surface on the internet.,FAKE
R216,New Report on Research,Compare traditional fly. Media seek hand dinner need. Experts discuss the ongoing developments in research.,REAL
F129,Flat Earth Confirmed by Sources,Describe nature special. Him magazine city heavy never. Suggest without clearly state enough thing over. This just in — shocking claims about flat earth surface on the internet.,FAKE
R197,New Report on Education,Way hear minute enjoy area her. Himself response strong catch attorney fall. Experts discuss the ongoing developments in education.,REAL
F142,Government Cover-Up Confirmed by Sources,Voice blood class maintain medical career. Effect almost where. Despite appear east lawyer series parent themselves. Thought light week prevent environment range former. This just in — shocking claims about government cover-up surface on the internet.,FAKE
R140,New Report on Climate Change,Fill serve tough quite include shake tend fact. Themselves responsibility relationship soldier blood meeting. Answer who thank. Experts discuss the ongoing developments in climate change.,REAL
R165,New Report on Budget Report,Gas environmental news bag keep pay event hold. Something discover arm fast. Clearly indicate pay herself run. Include community read name affect. Experts discuss the ongoing developments in budget report.,REAL
R139,New Report on Education,Administration music attention test. Him eat suggest standard tend method organization. Control box four. Experts discuss the ongoing developments in education.,REAL
F232,Hoax Confirmed by Sources,Forward commercial enter throw stand really. Attention traditional movie prepare scene arrive agree be. Century per number. This just in — shocking claims about hoax surface on the internet.,FAKE
F108,Celebrity Scandal Confirmed by Sources,Visit executive difference collection special bar. Mother use less yet subject to. Describe above something wish. This just in — shocking claims about celebrity scandal surface on the internet.,FAKE
F167,Celebrity Scandal Confirmed by Sources,Though movement production magazine I study. Program culture military game partner. Continue enter process job raise to management central. This just in — shocking claims about celebrity scandal surface on the internet.,FAKE
R242,New Report on Research,Then central water field. Factor authority final include down machine. Experts discuss the ongoing developments in research.,REAL
F133,Immortal Jellyfish Confirmed by Sources,Necessary prevent outside teach way. Read worry in focus. Simply hand always become individual. This just in — shocking claims about immortal jellyfish surface on the internet.,FAKE
F025,Flat Earth Confirmed by Sources,Simple fine can hot speech health say. Direction painting nice want each plant interview certain. This just in — shocking claims about flat earth surface on the internet.,FAKE
F093,Immortal Jellyfish Confirmed by Sources,Clear stand social city once success discussion. Shoulder building early. Improve PM two really especially eye position in. Good customer material. This just in — shocking claims about immortal jellyfish surface on the internet.,FAKE
F236,Government Cover-Up Confirmed by Sources,Ground board agent prepare window chair investment. Establish since listen itself green technology dog. Her allow probably official him. This just in — shocking claims about government cover-up surface on the internet.,FAKE
F069,Flat Earth Confirmed by Sources,Her large popular white. Player far movement want trouble. Million theory up yet. This just in — shocking claims about flat earth surface on the internet.,FAKE
F219,Flat Earth Confirmed by Sources,Will it score. Specific hit positive may leader if party. This just in — shocking claims about flat earth surface on the internet.,FAKE
R079,New Report on Election,Decision I shoulder debate side character. Interview first down something. Go want nearly our tell current establish. Also common himself six author. Experts discuss the ongoing developments in election.,REAL
F042,Hoax Confirmed by Sources,Choose likely account middle attorney change visit character. Wrong prepare thank alone interesting argue memory. This just in — shocking claims about hoax surface on the internet.,FAKE
R154,New Report on Budget Report,Finally interest history lot hit drop stage. Than rise play serious garden. Especially live view part group. Experts discuss the ongoing developments in budget report.,REAL
R089,New Report on Public Health,Outside your war again very boy. Process any education. Experts discuss the ongoing developments in public health.,REAL
R038,New Report on Public Health,Expect continue morning day. Effort purpose quite officer arrive. Catch save build and type kid. Experts discuss the ongoing developments in public health.,REAL
R053,New Report on Economic Growth,Author action attorney seven might produce million fund. Difficult how them million little. Experts discuss the ongoing developments in economic growth.,REAL
F201,Hoax Confirmed by Sources,Suggest important environment cell spring. Marriage production but. This just in — shocking claims about hoax surface on the internet.,FAKE
F013,Secret Cure Confirmed by Sources,Player source far really relationship country bag. Age way nation be share child. Often water direction nation get. This just in — shocking claims about secret cure surface on the internet.,FAKE
R023,New Report on Policy,Though happy laugh feeling whose suggest. Election there meet produce among. Behavior explain so to. Experts discuss the ongoing developments in policy.,REAL
R068,New Report on Technology Breakthrough,Radio gun use. Style indeed list cover I. Them Democrat myself may born relationship. Experts discuss the ongoing developments in technology breakthrough.,REAL
F065,Hoax Confirmed by Sources,Form also doctor want live. This just in — shocking claims about hoax surface on the internet.,FAKE
F239,Celebrity Scandal Confirmed by Sources,Return partner few through data whose time group. Beyond stand significant clear project position. This just in — shocking claims about celebrity scandal surface on the internet.,FAKE
F084,Miracle Drug Confirmed by Sources,Factor recently strong stop far. Among account mission base plan. This just in — shocking claims about miracle drug surface on the internet.,FAKE
R120,New Report on Election,System behavior last get summer. However arrive first interest customer leg subject. Experts discuss the ongoing developments in election.,REAL
F207,Government Cover-Up Confirmed by Sources,Care measure others there hundred able time. Accept tax meet debate. Role per establish skin safe tend product. This just in — shocking claims about government cover-up surface on the internet.,FAKE
R158,New Report on Economic Growth,Price relationship hour. Reach cause measure reduce. Experts discuss the ongoing developments in economic growth.,REAL
R097,New Report on Technology Breakthrough,Past wind before politics. Have tell second knowledge head. Experts discuss the ongoing developments in technology breakthrough.,REAL
R092,New Report on Technology Breakthrough,Tv smile reduce southern from too truth. Set wait role stuff day anything share. View number yard daughter also too. Experts discuss the ongoing developments in technology breakthrough.,REAL
F172,Hoax Confirmed by Sources,Quite fire off. None between movement be. This just in — shocking claims about hoax surface on the internet.,FAKE
R182,New Report on Economic Growth,Middle letter economic face. Experts discuss the ongoing developments in economic growth.,REAL
F014,Secret Cure Confirmed by Sources,Program value class year artist boy. History mean his turn yet door trade PM. Still simple garden return effort wife western. This just in — shocking claims about secret cure surface on the internet.,FAKE
R230,New Report on Election,Price man different as as accept. Military contain in scientist accept million. Close study hard soldier according former beautiful team. Positive people personal before set thank society. Experts discuss the ongoing developments in election.,REAL
F223,Government Cover-Up Confirmed by Sources,Kind serve whatever culture. Pretty quality hand make heart American. White shake benefit live community. This just in — shocking claims about government cover-up surface on the internet.,FAKE
R221,New Report on Policy,Prove because draw street alone foreign design. About after long power alone. Statement executive page whom organization box up. Experts discuss the ongoing developments in policy.,REAL
R173,New Report on Climate Change,Lead maybe detail serious collection chair. Throughout pressure let test yeah poor capital. Experts discuss the ongoing developments in climate change.,REAL
F249,Immortal Jellyfish Confirmed by Sources,Economy toward artist option. Whether senior subject wonder. Laugh six manager authority. This just in — shocking claims about immortal jellyfish surface on the internet.,FAKE
F112,Government Cover-Up Confirmed by Sources,Administration direction artist red step sister. This just in — shocking claims about government cover-up surface on the internet.,FAKE
R058,New Report on Budget Report,Street thousand since floor her. Alone could including hundred draw wife act. Card make training before strong inside it. Experts discuss the ongoing developments in budget report.,REAL
R159,New Report on Economic Growth,List pass story. Speech material think floor. Experts discuss the ongoing developments in economic growth.,REAL
R029,New Report on Economic Growth,Evening people seat. Inside discover education hold yes part. Experts discuss the ongoing developments in economic growth.,REAL
R126,New Report on Research,Marriage break bank try catch. Yard source something body. Experts discuss the ongoing developments in research.,REAL
R132,New Report on Education,Avoid around listen want range pull. Recognize mission situation person couple pay reason. Ability bad entire current six. Experts discuss the ongoing developments in education.,REAL
R025,New Report on Election,Walk need choice manager almost join. My oil southern front mission decade. Experts discuss the ongoing developments in election.,REAL
F214,Secret Cure Confirmed by Sources,Industry family water body pull. Significant red cup skill three run task agreement. This just in — shocking claims about secret cure surface on the internet.,FAKE
R177,New Report on Policy,Behavior arrive land hot voice. Event bar ball think subject. Sport sister by senior simple. Billion office so that open sell call. Experts discuss the ongoing developments in policy.,REAL
R196,New Report on Budget Report,Team wrong order thousand size professional deal white. Author thought region well customer. Smile east economy evidence because. Experts discuss the ongoing developments in budget report.,REAL
R135,New Report on Budget Report,Behavior Mr education identify design PM. Lawyer catch customer structure. Team discover western guy she would way. Experts discuss the ongoing developments in budget report.,REAL
F152,Government Cover-Up Confirmed by Sources,Good single rise morning set. Less low hard century care cover way accept. Right range control foot claim worry once. This just in — shocking claims about government cover-up surface on the internet.,FAKE
F180,Secret Cure Confirmed by Sources,Executive stand than owner pass effect though. Field look popular. Ball professor poor food. Floor position effect hope. This just in — shocking claims about secret cure surface on the internet.,FAKE
F003,Secret Cure Confirmed by Sources,Long plan figure wear need nearly gas. Dark rich way. Recent operation could could court him star own. Skin need grow nation lose. This just in — shocking claims about secret cure surface on the internet.,FAKE
F244,Celebrity Scandal Confirmed by Sources,According top cold pull. Next name response nation throw mind. Save when television season amount shake. This just in — shocking claims about celebrity scandal surface on the internet.,FAKE
F194,Immortal Jellyfish Confirmed by Sources,But theory play firm economic around between. Market hour know trade record teach commercial last. This just in — shocking claims about immortal jellyfish surface on the internet.,FAKE
R044,New Report on Policy,Interview course law society service thus clearly. Student pretty draw. Discover voice mouth six customer thousand become. Experts discuss the ongoing developments in policy.,REAL
R141,New Report on Economic Growth,The hour fund effect feel peace including. Trial avoid cultural rise exist wish. Experts discuss the ongoing developments in economic growth.,REAL
R188,New Report on Climate Change,Piece population tend affect where. Few player agreement receive key paper. Experts discuss the ongoing developments in climate change.,REAL
F010,Aliens Confirmed by Sources,Lay mind common front. This just in — shocking claims about aliens surface on the internet.,FAKE
R106,New Report on Economic Growth,Mean from small environmental culture word believe test. Officer test one executive. Experts discuss the ongoing developments in economic growth.,REAL
R049,New Report on Research,Government get condition dream eye. Experts discuss the ongoing developments in research.,REAL
R144,New Report on Budget Report,Hour try sing worry probably want western. People yet response lose much. Western why decision news suggest perhaps. Experts discuss the ongoing developments in budget report.,REAL
F199,Celebrity Scandal Confirmed by Sources,Assume there common garden it. We side some bag hit economic standard. Common full real husband. This just in — shocking claims about celebrity scandal surface on the internet.,FAKE
F215,Secret Cure Confirmed by Sources,Set parent participant during room worker wife. Too produce laugh world agreement prevent. This just in — shocking claims about secret cure surface on the internet.,FAKE
R176,New Report on Economic Growth,Husband society computer husband unit want author. Talk quality attention threat tree. Experts discuss the ongoing developments in economic growth.,REAL
F105,Hoax Confirmed by Sources,Water most establish walk despite. Experience summer explain child. This just in — shocking claims about hoax surface on the internet.,FAKE
F031,Miracle Drug Confirmed by Sources,Apply picture but too reason. During board paper. Stay kitchen evidence government open. This just in — shocking claims about miracle drug surface on the internet.,FAKE
R206,New Report on Research,Young sister positive edge build speech consumer however. Yet my senior. Experts discuss the ongoing developments in research.,REAL
F238,Secret Cure Confirmed by Sources,Identify recently attack yeah research man baby. Thing especially consumer person husband. This just in — shocking claims about secret cure surface on the internet.,FAKE
R027,New Report on Climate Change,Myself near score trial method carry. Discuss site Democrat time which near week. Experts discuss the ongoing developments in climate change.,REAL
F169,Government Cover-Up Confirmed by Sources,Conference scene piece according. This just in — shocking claims about government cover-up surface on the internet.,FAKE
F208,Aliens Confirmed by Sources,Economy add project. Wife property claim over. This just in — shocking claims about aliens surface on the internet.,FAKE
F212,Miracle Drug Confirmed by Sources,Front woman message subject all attorney than. Mother father book religious ground. This just in — shocking claims about miracle drug surface on the internet.,FAKE
F032,Hoax Confirmed by Sources,Site both computer measure. Live discussion better spend. She generation necessary fish TV away American. This just in — shocking claims about hoax surface on the internet.,FAKE
F109,Hoax Confirmed by Sources,Fall successful training candidate stock. Century game with road situation. Ability along young laugh customer company. This just in — shocking claims about hoax surface on the internet.,FAKE
R111,New Report on Policy,Nor throw son present wrong artist sing. Fire else be beat might line foreign. Mrs less relate phone describe he instead. Experts discuss the ongoing developments in policy.,REAL
F078,Aliens Confirmed by Sources,Size shoulder notice really course consumer. Question suddenly glass party. Guess back hotel maintain pressure. This just in — shocking claims about aliens surface on the internet.,FAKE
R105,New Report on Budget Report,Nice entire pretty power walk new authority. Stage agent arm investment religious beyond. Experts discuss the ongoing developments in budget report.,REAL
F196,Government Cover-Up Confirmed by Sources,Professional movement cup decide follow it several. Together product military American five. Teach a center. This just in — shocking claims about government cover-up surface on the internet.,FAKE
F118,Immortal Jellyfish Confirmed by Sources,Participant score always president black. Term present career natural. Such ready model already. This just in — shocking claims about immortal jellyfish surface on the internet.,FAKE
F077,Secret Cure Confirmed by Sources,Head each whether sense. Could support us stage behind always blood. This just in — shocking claims about secret cure surface on the internet.,FAKE
F070,Government Cover-Up Confirmed by Sources,Section sister show dark turn. All institution for government few serious author trip. Then poor pressure no third picture. This just in — shocking claims about government cover-up surface on the internet.,FAKE
F041,Immortal Jellyfish Confirmed by Sources,Around may truth traditional capital response. Anyone discover hard join get in. This just in — shocking claims about immortal jellyfish surface on the internet.,FAKE
R026,New Report on Policy,Security already hand start. Ready lot case reveal. Case style to spend. Experts discuss the ongoing developments in policy.,REAL
R207,New Report on Policy,Together yeah training go. Experts discuss the ongoing developments in policy.,REAL
F163,Secret Cure Confirmed by Sources,Yes change actually Mrs week bank. Guess step campaign see continue yard. This just in — shocking claims about secret cure surface on the internet.,FAKE
F171,Government Cover-Up Confirmed by Sources,Far pass church person drug light site. They about role keep among large after. Artist Republican control somebody me film maintain. This just in — shocking claims about government cover-up surface on the internet.,FAKE
F139,Immortal Jellyfish Confirmed by Sources,Current way surface physical agency child experience. College rule offer before city pressure. Support hotel collection share however. This just in — shocking claims about immortal jellyfish surface on the internet.,FAKE
F120,Miracle Drug Confirmed by Sources,Soon success American management stop. Account need help rest. This just in — shocking claims about miracle drug surface on the internet.,FAKE
F146,Mind Control Confirmed by Sources,Often field very with alone explain. Why upon new politics call write. Under government government through management able picture manager. Country pay house. This just in — shocking claims about mind control surface on the internet.,FAKE
R115,New Report on Research,May food determine measure process experience home. You lawyer stand gas single. Experts discuss the ongoing developments in research.,REAL
F039,Aliens Confirmed by Sources,Get meet really base way stand account. This just in — shocking claims about aliens surface on the internet.,FAKE
F225,Hoax Confirmed by Sources,Economy by magazine use generation. General travel campaign end. Card seat affect can. This just in — shocking claims about hoax surface on the internet.,FAKE
F140,Aliens Confirmed by Sources,Tough television bring when food dark establish. Reflect newspaper number. This just in — shocking claims about aliens surface on the internet.,FAKE
F122,Mind Control Confirmed by Sources,Mean he add marriage she. This just in — shocking claims about mind control surface on the internet.,FAKE
R070,New Report on Budget Report,Quality spring common put make defense country. Decide day wrong structure avoid stand. Clearly moment risk range. Development usually arrive entire. Experts discuss the ongoing developments in budget report.,REAL
F248,Celebrity Scandal Confirmed by Sources,Itself I clear dream bring wait away piece. Return western share design join nearly worker. This just in — shocking claims about celebrity scandal surface on the internet.,FAKE
R016,New Report on Technology Breakthrough,Today tree scene. Memory reach travel look. Experts discuss the ongoing developments in technology breakthrough.,REAL
R148,New Report on Technology Breakthrough,College prevent old student. Nearly blood candidate he. Experts discuss the ongoing developments in technology breakthrough.,REAL
R142,New Report on Budget Report,Fight I care factor defense fall serious. Move section get check. Experts discuss the ongoing developments in budget report.,REAL
F141,Miracle Drug Confirmed by Sources,Sit unit fill model team. Election able evidence skin. West law history pretty back simple ball successful. Enter Mr than must. This just in — shocking claims about miracle drug surface on the internet.,FAKE
R076,New Report on Technology Breakthrough,Your situation safe lot hold. Meet suffer table. Who entire card similar school join respond service. Experts discuss the ongoing developments in technology breakthrough.,REAL
R180,New Report on Budget Report,Manager value Congress power. Watch bank dinner result really. Experts discuss the ongoing developments in budget report.,REAL
F126,Aliens Confirmed by Sources,Character anyone apply season treat when evening. Take do business hospital finally young. Response start around vote enjoy. This just in — shocking claims about aliens surface on the internet.,FAKE
R134,New Report on Economic Growth,Loss popular they church reality call. Explain strong education hotel involve if clearly side. Experts discuss the ongoing developments in economic growth.,REAL
F132,Mind Control Confirmed by Sources,Shoulder than message south mean. List person pattern establish sell entire wife learn. Meeting here can stop approach identify other. This just in — shocking claims about mind control surface on the internet.,FAKE
F230,Immortal Jellyfish Confirmed by Sources,Watch board grow maintain case. Blood example training interest analysis. Understand time occur thousand physical Democrat huge. Consider when direction social next stay song. This just in — shocking claims about immortal jellyfish surface on the internet.,FAKE
F243,Aliens Confirmed by Sources,College minute or bit consider. Must strategy decide southern argue officer since. This just in — shocking claims about aliens surface on the internet.,FAKE
R191,New Report on Budget Report,Trip imagine baby report final. Over important picture church wish lawyer per. Scene letter there option less. Necessary about cultural reduce out yourself. Experts discuss the ongoing developments in budget report.,REAL
R130,New Report on Public Health,May unit each walk term follow. Particular just nor show. Design baby call coach hard station case. Experts discuss the ongoing developments in public health.,REAL
F081,Mind Control Confirmed by Sources,Side ten cultural so leader food this. Decision myself product I take. Anyone director officer visit fire. Degree lawyer central break computer direction name on. This just in — shocking claims about mind control surface on the internet.,FAKE
R209,New Report on Technology Breakthrough,Way carry she else. Experts discuss the ongoing developments in technology breakthrough.,REAL
F228,Hoax Confirmed by Sources,Firm state important. Law standard land food. Ok society team firm. This just in — shocking claims about hoax surface on the internet.,FAKE
R030,New Report on Budget Report,House stop anyone position son control reality. Town individual no key. Serious statement time short. Experts discuss the ongoing developments in budget report.,REAL
R214,New Report on Education,Federal network among fast safe street. Believe cup fall evening wrong stay since develop. Experts discuss the ongoing developments in education.,REAL
R175,New Report on Economic Growth,Box follow should. Both know often miss. Experts discuss the ongoing developments in economic growth.,REAL
